{"schemaVersion":"1.0","appDefinitionTemplate":{"id":"/providers/Microsoft.PowerApps/apps/","type":"Microsoft.PowerApps/apps","tags":{"primaryDeviceWidth":"1136","primaryDeviceHeight":"640","sienaVersion":"20200819T225041Z-3.20074.20.0","deviceCapabilities":"webcam","supportsPortrait":"false","supportsLandscape":"true","primaryFormFactor":"Phone","publisherVersion":"3.20074.20","minimumRequiredApiVersion":"2.2.0","hasComponent":"false","hasUnlockedComponent":"false","isUnifiedRootApp":"false"},"properties":{"appVersion":"2020-08-19T22:50:41Z","lifeCycleId":"Published","createdByClientVersion":{"major":3,"minor":20074,"build":20,"revision":0,"majorRevision":0,"minorRevision":0},"minClientVersion":{"major":3,"minor":20074,"build":20,"revision":0,"majorRevision":0,"minorRevision":0},"backgroundColor":"rgba(37, 62, 143, 1)","backgroundImageUri":"/6648363462788013977/N8c92acfc-e07a-43cd-8886-6616740bf2a6-logoSmallFile","displayName":"SaidiaTraffic App","description":"","commitMessage":"","appUris":{"documentUri":{"value":"/6648363462788013977/Nc0d1ec61-773f-49b5-979d-4276f3cf7c52-document.msapp"},"imageUris":[]},"createdTime":"0001-01-01T00:00:00Z","lastModifiedTime":"0001-01-01T00:00:00Z","sharedGroupsCount":0,"sharedUsersCount":0,"icons":{"smallIconUri":"/6648363462788013977/N6f186d2c-cd2d-4a11-954d-8e9592db7085-small.png","mediumIconUri":"/6648363462788013977/N6f8628b1-8b7e-4e07-8b6f-e52f26769933-medium.png","largeIconUri":"/6648363462788013977/N623fefa9-6f19-4bfa-8310-28483e6592ff-large.png","wideIconUri":"/6648363462788013977/N8c3b44b2-2bbf-4037-a698-f7aac8cde61c-wide.png"},"connectionReferences":{"fb4864eb-402c-4d0c-bdc8-94265d7a1e07":{"id":"87abcc7a-1325-42a0-b13b-211db76f620a","displayName":"Excel","iconUri":"https://connectoricons-prod.azureedge.net/excel/icon_1.0.1352.2014.png","dataSources":["Table1","Table1_1","Table1_2","Table1_3"],"dependencies":["d3a51cba-d80a-4062-bab3-2887e862aa24"],"dependents":[],"parameterHints":{"d3a51cba-d80a-4062-bab3-2887e862aa24":{"value":"fileSource"}},"isOnPremiseConnection":false,"bypassConsent":false,"dataSets":{"b!IdbahSVtTkiA6Yddi6-ulrgz6mVTmxRDgIfEbbD6hvqeEmG4s6DnSoxtQVF2VDRb.01CF6AHAIRSSVJKJJMNNH2HAVB67NNV6QM":{"dataSources":{"Table1":{"tableName":"Table1"},"Table1_1":{"tableName":"Table1"}}},"b!IdbahSVtTkiA6Yddi6-ulrgz6mVTmxRDgIfEbbD6hvqeEmG4s6DnSoxtQVF2VDRb.01CF6AHAKLI3DI4PGR4VCLXCIUZO5GJBMG":{"dataSources":{"Table1_2":{"tableName":"Table1"},"Table1_3":{"tableName":"Table1"}}}},"apiTier":"Standard","isCustomApiConnection":false},"d3a51cba-d80a-4062-bab3-2887e862aa24":{"id":"f3f5e898-2383-47da-b022-607ac8252a34","displayName":"OneDrive for Business","iconUri":"https://connectoricons-prod.azureedge.net/onedriveforbusiness/icon_1.0.1341.1987.png","dataSources":[],"dependencies":[],"dependents":["fb4864eb-402c-4d0c-bdc8-94265d7a1e07"],"parameterHints":{},"isOnPremiseConnection":false,"bypassConsent":false,"dataSets":{},"apiTier":"Standard","isCustomApiConnection":false},"003d3af1-4a84-440a-a8d2-1ffbea2cd7f2":{"id":"3fac7511-8e8c-4350-8d2b-78a1077605de","displayName":"Planner","iconUri":"https://connectoricons-prod.azureedge.net/planner/icon_1.0.1288.1786.png","dataSources":["Planner"],"dependencies":[],"dependents":[],"parameterHints":{},"isOnPremiseConnection":false,"bypassConsent":false,"dataSets":{},"apiTier":"Standard","isCustomApiConnection":false},"3f39bb42-b503-4594-abfb-3375b450cf39":{"id":"a449c9c3-5009-4d9a-a986-e048ddb69e36","displayName":"Office 365 Outlook","iconUri":"https://connectoricons-prod.azureedge.net/releases/v1.0.1381/1.0.1381.2096/office365/icon.png","dataSources":["Office365Outlook"],"dependencies":[],"dependents":[],"parameterHints":{},"isOnPremiseConnection":false,"bypassConsent":false,"dataSets":{},"apiTier":"Standard","isCustomApiConnection":false},"46963653-960a-47eb-b4e0-03aa1d05b718":{"id":"1ea34bfe-5ad8-4bfe-afd3-92b31733c3d1","displayName":"Office 365 Users","iconUri":"https://connectoricons-prod.azureedge.net/releases/v1.0.1381/1.0.1381.2096/office365users/icon.png","dataSources":["Office365Users"],"dependencies":[],"dependents":[],"parameterHints":{},"isOnPremiseConnection":false,"bypassConsent":false,"dataSets":{},"apiTier":"Standard","isCustomApiConnection":false},"9e6e1097-be50-400c-a0b5-03a242c408ba":{"id":"4385c010-6b4d-4744-96c5-a27992ccccb3","displayName":"Notifications","iconUri":"https://psux.azureedge.net/Content/Images/Connectors/FlowNotification.svg","dataSources":["Notifications"],"dependencies":[],"dependents":[],"parameterHints":{},"isOnPremiseConnection":false,"bypassConsent":false,"dataSets":{},"apiTier":"Standard","isCustomApiConnection":false},"a7f3d807-c2c3-4426-ab8d-8a2cae855589":{"id":"0afc625c-fcbc-4f26-a697-1e4c0bafee56","displayName":"Bing Maps","iconUri":"https://connectoricons-prod.azureedge.net/releases/v1.0.1371/1.0.1371.2074/bingmaps/icon.png","dataSources":["BingMaps"],"dependencies":[],"dependents":[],"parameterHints":{},"isOnPremiseConnection":false,"sharedConnectionId":"48cd5d64-d976-4ae1-b7e6-689095560985","bypassConsent":false,"dataSets":{},"apiTier":"Standard","isCustomApiConnection":false},"1c6baca2-c94b-49d4-a4c8-667f5d0342dd":{"id":"0afc625c-fcbc-4f26-a697-1e4c0bafee56","displayName":"Bing Maps","iconUri":"https://connectoricons-prod.azureedge.net/releases/v1.0.1371/1.0.1371.2074/bingmaps/icon.png","dataSources":["BingMaps"],"dependencies":[],"dependents":[],"parameterHints":{},"isOnPremiseConnection":false,"sharedConnectionId":"180e68f9-c82a-4dc5-8326-90e43d8ae779","bypassConsent":false,"dataSets":{},"apiTier":"Standard","isCustomApiConnection":false},"6b6b25f9-2122-460c-b77b-8f87150a7dca":{"id":"0afc625c-fcbc-4f26-a697-1e4c0bafee56","displayName":"Bing Maps","iconUri":"https://connectoricons-prod.azureedge.net/releases/v1.0.1371/1.0.1371.2074/bingmaps/icon.png","dataSources":["BingMaps"],"dependencies":[],"dependents":[],"parameterHints":{},"isOnPremiseConnection":false,"sharedConnectionId":"f30c12d2-28e8-43b6-9f14-8ec9d3760cfe","bypassConsent":false,"dataSets":{},"apiTier":"Standard","isCustomApiConnection":false},"5ee022af-bf9e-45b6-bea9-3eb719a39a28":{"id":"8c67a4c2-2b28-461e-b166-a56765ffdbce","displayName":"Microsoft Teams","iconUri":"https://connectoricons-prod.azureedge.net/releases/v1.0.1380/1.0.1380.2095/teams/icon.png","dataSources":["MicrosoftTeams"],"dependencies":[],"dependents":[],"parameterHints":{},"isOnPremiseConnection":false,"bypassConsent":false,"dataSets":{},"apiTier":"Standard","isCustomApiConnection":false},"9373ea7b-fe9c-4bd2-91bf-e66b7e82604a":{"id":"c55378a7-f940-40f1-8dc6-57b4f0736068","displayName":"Office 365 Groups","iconUri":"https://connectoricons-prod.azureedge.net/releases/v1.0.1381/1.0.1381.2096/office365groups/icon.png","dataSources":["Office365Groups"],"dependencies":[],"dependents":[],"parameterHints":{},"isOnPremiseConnection":false,"bypassConsent":false,"dataSets":{},"apiTier":"Standard","isCustomApiConnection":false}},"databaseReferences":{},"almMode":"Environment","performanceOptimizationEnabled":true,"canConsumeAppPass":true,"executionRestrictions":{"isTeamsOnly":false,"dataLossPreventionEvaluationResult":{"status":"Compliant","lastEvaluationDate":"2020-10-31T09:25:46.5609415Z","violationDetails":[]}}},"isAppComponentLibrary":false,"appType":"ClassicCanvasApp","appComponents":[]}}