{"schemaVersion":"1.0","appDefinitionTemplate":{"id":"/providers/Microsoft.PowerApps/apps/","type":"Microsoft.PowerApps/apps","tags":{"primaryDeviceWidth":"640","primaryDeviceHeight":"1136","sienaVersion":"20220219T075216Z-3.22015.31.0","deviceCapabilities":"","supportsPortrait":"true","supportsLandscape":"true","primaryFormFactor":"Phone","publisherVersion":"3.22015.31","minimumRequiredApiVersion":"2.2.0","hasComponent":"false","hasUnlockedComponent":"false","isUnifiedRootApp":"false"},"properties":{"appVersion":"2022-02-19T07:52:16Z","lifeCycleId":"Published","createdByClientVersion":{"major":3,"minor":22015,"build":31,"revision":0,"majorRevision":0,"minorRevision":0},"minClientVersion":{"major":3,"minor":22015,"build":31,"revision":0,"majorRevision":0,"minorRevision":0},"backgroundColor":"RGBA(0,176,240,1)","backgroundImageUri":"/15583287975395333273/N84f64d39-e501-4446-8d28-4e15dd838498-logoSmallFile","displayName":"Traffic App","description":"","commitMessage":"","appUris":{"documentUri":{"value":"/15583287975395333273/N911554ae-cd0b-4dab-99f8-056f02146c63-document.msapp"},"imageUris":[]},"createdTime":"0001-01-01T00:00:00Z","lastModifiedTime":"0001-01-01T00:00:00Z","sharedGroupsCount":0,"sharedUsersCount":0,"icons":{"smallIconUri":"/15583287975395333273/Naaf5b808-e24e-4aee-91e8-e71b40254f8d-small.png","mediumIconUri":"/15583287975395333273/Ne413a876-db57-4f82-afcc-6eb41e8ed740-medium.png","largeIconUri":"/15583287975395333273/Nd895f62c-517d-4266-8159-3d7e38d019ce-large.png","wideIconUri":"/15583287975395333273/Nf73ced47-a1bc-4eec-a3a2-46f154e5be9a-wide.png"},"connectionReferences":{"24e4a477-607d-4ae2-aad7-b77d43a611d2":{"id":"8e93bea6-84da-4acf-8918-41e8030636a8","displayName":"SharePoint","iconUri":"https://connectoricons-prod.azureedge.net/releases/v1.0.1550/1.0.1550.2686/sharepointonline/icon.png","dataSources":["Saidia Traffic App"],"dependencies":[],"dependents":[],"parameterHints":{},"parameterHintsV2":{},"isOnPremiseConnection":false,"dataSets":{"https://stdntpartners.sharepoint.com/sites/TrafficApp":{"dataSources":{"Saidia Traffic App":{"tableName":"d479b281-c9f7-460a-9fe8-c5774c11bf8d"}}}},"apiTier":"Standard","isCustomApiConnection":false,"actions":["providers/PowerPlatform.Governance/Operations/Read","providers/PowerPlatform.Governance/Operations/Write","providers/PowerPlatform.Governance/Operations/Delete"]}},"databaseReferences":{},"almMode":"Environment","performanceOptimizationEnabled":true,"canConsumeAppPass":true,"executionRestrictions":{"isTeamsOnly":false,"dataLossPreventionEvaluationResult":{"status":"Compliant","lastEvaluationDate":"2022-02-19T07:52:32.3388735Z","violations":[],"violationsByPolicy":[],"violationErrorMessage":"The app uses the following connectors: shared_sharepointonline."}}},"appType":"ClassicCanvasApp","appComponents":[]}}