{"schemaVersion":"1.0","appDefinitionTemplate":{"id":"/providers/Microsoft.PowerApps/apps/","type":"Microsoft.PowerApps/apps","tags":{"primaryDeviceWidth":"1366","primaryDeviceHeight":"768","sienaVersion":"20200628T232851Z-3.20062.23.0","deviceCapabilities":"","supportsPortrait":"false","supportsLandscape":"true","primaryFormFactor":"Tablet","publisherVersion":"3.20062.23","minimumRequiredApiVersion":"2.2.0","hasComponent":"false","hasUnlockedComponent":"false","isUnifiedRootApp":"false"},"properties":{"appVersion":"2020-06-28T23:28:51Z","lifeCycleId":"Published","createdByClientVersion":{"major":3,"minor":20062,"build":23,"revision":0,"majorRevision":0,"minorRevision":0},"minClientVersion":{"major":3,"minor":20062,"build":23,"revision":0,"majorRevision":0,"minorRevision":0},"backgroundColor":"rgba(0, 138, 0, 1)","backgroundImageUri":"/15068690334198473104/N68ea24a3-263b-41d1-bc7a-f55be1dc84e8-logoSmallFile","displayName":"School Learning App","description":"","commitMessage":"","appUris":{"documentUri":{"value":"/15068690334198473104/N43328180-10c0-4e72-a732-7f83c8679ebf-document.msapp"},"imageUris":[]},"createdTime":"0001-01-01T00:00:00Z","lastModifiedTime":"0001-01-01T00:00:00Z","sharedGroupsCount":0,"sharedUsersCount":0,"icons":{"smallIconUri":"/15068690334198473104/Nabe28cc0-d603-4d9b-9a3b-cf627b5dbc0a-small.png","mediumIconUri":"/15068690334198473104/Ne8d14376-e140-46a9-a2d2-a1fd8f58d61c-medium.png","largeIconUri":"/15068690334198473104/N98c82585-e964-4951-836f-087793ebadc0-large.png","wideIconUri":"/15068690334198473104/Nc6bea31c-924f-4829-982f-5d891ca31b76-wide.png"},"connectionReferences":{"08d02f0e-38dd-4f23-b873-d0d15d0b4d7e":{"id":"87abcc7a-1325-42a0-b13b-211db76f620a","displayName":"Excel","iconUri":"https://connectoricons-prod.azureedge.net/excel/icon_1.0.1352.2014.png","dataSources":["Table1"],"dependencies":["3f4c0387-02bf-4d21-9697-d1477ff8cab8"],"dependents":[],"parameterHints":{"3f4c0387-02bf-4d21-9697-d1477ff8cab8":{"value":"fileSource"}},"isOnPremiseConnection":false,"bypassConsent":false,"dataSets":{"b!IdbahSVtTkiA6Yddi6-ulrgz6mVTmxRDgIfEbbD6hvqeEmG4s6DnSoxtQVF2VDRb.01CF6AHAMNBMAR5C4C4NCKMHH4ZHLW4UFE":{"dataSources":{"Table1":{"tableName":"Table1"}}}},"apiTier":"Standard","isCustomApiConnection":false},"3f4c0387-02bf-4d21-9697-d1477ff8cab8":{"id":"f3f5e898-2383-47da-b022-607ac8252a34","displayName":"OneDrive for Business","iconUri":"https://connectoricons-prod.azureedge.net/onedriveforbusiness/icon_1.0.1341.1987.png","dataSources":[],"dependencies":[],"dependents":["08d02f0e-38dd-4f23-b873-d0d15d0b4d7e"],"parameterHints":{},"isOnPremiseConnection":false,"bypassConsent":false,"dataSets":{},"apiTier":"Standard","isCustomApiConnection":false}},"authorizationReferences":[{"resourceId":"powerbi"}],"databaseReferences":{},"almMode":"Environment","performanceOptimizationEnabled":true,"canConsumeAppPass":true,"executionRestrictions":{"isTeamsOnly":false,"dataLossPreventionEvaluationResult":{"status":"Compliant","lastEvaluationDate":"2020-10-31T09:25:52.0348059Z","violationDetails":[]}}},"isAppComponentLibrary":false,"appType":"ClassicCanvasApp","appComponents":[]}}